block_id	pair_idx	fixed	hetA	hetAB	hetB	multiallelic	missing
toy1.i0.b0	0	0	1	1	2	1	0
toy1.i0.b0	1	0	1	1	2	1	0
toy1.i0.b0	2	0	1	1	2	1	0
toy1.i0.b0	3	0	2	1	3	0	0
toy1.i0.b0	4	0	2	1	2	0	0
toy1.i0.b0	5	0	2	1	2	0	0
toy1.i0.b0	6	0	1	1	3	1	0
toy1.i0.b0	7	0	1	1	2	1	0
toy1.i0.b0	8	0	1	1	2	1	0
toy1.i0.b1	0	1	0	0	0	0	1
toy1.i0.b1	1	0	0	0	1	0	2
toy1.i0.b1	3	0	2	0	0	1	0
toy1.i0.b1	4	0	0	1	0	1	1
toy1.i0.b2	0	0	0	0	2	0	1
toy1.i0.b2	8	1	0	0	2	0	0
toy1.i0.b2	2	1	1	0	2	0	0
toy1.i0.b2	6	2	0	0	2	0	0
toy1.i0.b3	3	0	2	0	0	0	0
toy1.i0.b3	4	0	0	2	0	0	0
toy1.i0.b3	5	0	2	0	0	0	0
toy1.i1.b0	0	0	0	0	0	0	0
toy1.i1.b0	2	3	0	0	0	0	0
toy1.i1.b1	0	0	0	0	0	0	0
toy1.i1.b1	1	0	0	0	3	0	0
toy1.i1.b1	2	3	0	0	0	0	0
toy1.i1.b1	3	0	3	0	0	0	0
toy1.i1.b1	4	0	0	3	0	0	0
toy1.i1.b1	5	0	3	0	0	0	0
toy1.i1.b1	6	3	0	0	0	0	0
toy1.i1.b1	7	0	0	0	3	0	0
toy1.i1.b1	8	0	0	0	0	0	0
toy1.i1.b2	0	0	0	0	0	0	0
toy1.i1.b2	1	0	0	0	3	0	0
toy1.i1.b2	2	3	0	0	0	0	0
toy1.i1.b2	3	0	3	0	0	0	0
toy1.i1.b2	4	0	0	3	0	0	0
toy1.i1.b2	5	0	3	0	0	0	0
toy1.i1.b2	6	3	0	0	0	0	0
toy1.i1.b2	7	0	0	0	3	0	0
toy1.i1.b2	8	0	0	0	0	0	0
toy1.i1.b3	0	0	0	0	0	0	0
toy1.i1.b3	1	0	0	0	2	0	0
toy1.i1.b3	2	2	0	0	0	0	0
toy1.i1.b3	3	0	2	0	0	0	0
toy1.i1.b3	4	0	0	2	0	0	0
toy1.i1.b3	5	0	2	0	0	0	0
toy1.i1.b3	6	2	0	0	0	0	0
toy1.i1.b3	7	0	0	0	2	0	0
toy1.i1.b3	8	0	0	0	0	0	0
toy1.i1.b4	0	0	0	0	0	0	0
toy1.i1.b4	1	0	0	0	3	0	0
toy1.i1.b4	2	3	0	0	0	0	0
toy1.i1.b4	3	0	3	0	0	0	0
toy1.i1.b4	4	0	0	3	0	0	0
toy1.i1.b4	5	0	3	0	0	0	0
toy1.i1.b4	6	3	0	0	0	0	0
toy1.i1.b4	7	0	0	0	3	0	0
toy1.i1.b4	8	0	0	0	0	0	0
toy1.i1.b5	0	0	0	0	0	0	0
toy1.i1.b5	1	0	0	0	2	0	0
toy1.i1.b5	2	2	0	0	0	0	0
toy1.i1.b5	3	0	2	0	0	0	0
toy1.i1.b5	4	0	0	2	0	0	0
toy1.i1.b5	5	0	2	0	0	0	0
toy1.i1.b5	6	2	0	0	0	0	0
toy1.i1.b5	7	0	0	0	2	0	0
toy1.i1.b5	8	0	0	0	0	0	0
toy2.i2.b0	0	0	0	0	0	0	0
toy2.i2.b0	1	0	0	0	7	0	0
toy2.i2.b0	2	7	0	0	0	0	0
toy2.i2.b0	3	0	7	0	0	0	0
toy2.i2.b0	4	0	0	7	0	0	0
toy2.i2.b0	5	0	7	0	0	0	0
toy2.i2.b0	6	7	0	0	0	0	0
toy2.i2.b0	7	0	0	0	7	0	0
toy2.i2.b0	8	0	0	0	0	0	0
toy2.i2.b1	0	0	0	0	0	0	0
toy2.i2.b1	1	0	0	0	3	0	0
toy2.i2.b1	2	3	0	0	0	0	0
toy2.i2.b1	3	0	3	0	0	0	0
toy2.i2.b1	4	0	0	3	0	0	0
toy2.i2.b1	5	0	3	0	0	0	0
toy2.i2.b1	6	3	0	0	0	0	0
toy2.i2.b1	7	0	0	0	3	0	0
toy2.i2.b1	8	0	0	0	0	0	0
toy2.i2.b2	0	0	0	0	0	2	0
toy2.i2.b2	1	0	0	0	1	2	0
toy2.i2.b2	2	1	0	0	0	2	0
toy2.i2.b2	3	0	1	0	2	0	0
toy2.i2.b2	4	0	0	1	0	0	0
toy2.i2.b2	5	0	1	0	0	0	0
toy2.i2.b2	6	1	0	0	2	0	0
toy2.i2.b2	7	0	0	0	1	0	0
toy2.i2.b2	8	0	0	0	0	0	0
toy2.i3.b0	8	0	0	0	0	0	0
toy2.i3.b0	6	2	0	0	0	0	0
toy2.i3.b0	7	0	0	0	2	0	0
toy2.i3.b1	8	0	0	0	0	0	0
toy2.i3.b1	6	3	0	0	0	0	0
toy2.i3.b1	7	0	0	0	3	0	0
toy2.i3.b2	8	0	0	0	0	0	0
toy2.i3.b2	6	2	0	0	0	0	0
toy2.i3.b2	7	0	0	0	2	0	0
toy2.i3.b3	8	0	0	0	0	0	0
toy2.i3.b3	6	3	0	0	0	0	0
toy2.i3.b3	7	0	0	0	3	0	0
toy2.i3.b4	0	0	0	0	0	0	0
toy2.i3.b4	1	0	0	0	3	0	0
toy2.i3.b4	2	3	0	0	0	0	0
toy2.i3.b5	0	0	0	0	0	0	0
toy2.i3.b5	2	3	0	0	0	0	0
toy2.i3.b6	0	0	0	0	0	0	0
toy2.i3.b6	2	2	0	0	0	0	0
toy2.i3.b6	3	0	2	0	0	0	0
toy2.i3.b6	5	0	2	0	0	0	0
toy2.i3.b7	0	0	0	0	0	0	0
toy2.i3.b7	1	0	0	0	3	0	0
toy2.i3.b7	2	3	0	0	0	0	0
toy2.i3.b7	3	0	3	0	0	0	0
toy2.i3.b7	4	0	0	3	0	0	0
toy2.i3.b7	5	0	3	0	0	0	0
toy2.i3.b7	6	3	0	0	0	0	0
toy2.i3.b7	7	0	0	0	3	0	0
toy2.i3.b7	8	0	0	0	0	0	0
toy2.i3.b8	0	0	0	0	0	0	0
toy2.i3.b8	1	0	0	0	2	0	0
toy2.i3.b8	2	2	0	0	0	0	0
toy2.i3.b8	3	0	2	0	0	0	0
toy2.i3.b8	4	0	0	2	0	0	0
toy2.i3.b8	5	0	2	0	0	0	0
toy2.i3.b8	6	2	0	0	0	0	0
toy2.i3.b8	7	0	0	0	2	0	0
toy2.i3.b8	8	0	0	0	0	0	0
